-- Expand demo model coverage so each benchmark category feels like a real product
-- selector instead of a sparse proof-of-concept dataset.

insert into public.models (
  id,
  name,
  slug,
  category,
  vendor,
  family,
  parameter_size_b,
  modality,
  description,
  status,
  published_at,
  updated_at
)
values
  (
    '72000000-0000-0000-0000-000000000007',
    'Mistral 7B Instruct v0.3',
    'mistral-7b-instruct-v0-3-demo',
    'llm',
    'Mistral AI',
    'Mistral 7B',
    7,
    'text',
    'Demo published LLM used to enrich selector coverage for mainstream 7B instruction serving.',
    'published',
    now(),
    now()
  ),
  (
    '72000000-0000-0000-0000-000000000008',
    'Gemma 2 9B Instruct',
    'gemma-2-9b-instruct-demo',
    'llm',
    'Google',
    'Gemma 2',
    9,
    'text',
    'Demo published LLM used to enrich selector coverage for compact high-quality serving models.',
    'published',
    now(),
    now()
  ),
  (
    '72000000-0000-0000-0000-000000000009',
    'RT-DETR-L',
    'rt-detr-l-demo',
    'vision',
    'Baidu',
    'RT-DETR',
    null,
    'vision',
    'Demo real-time detection model used to broaden vision comparison choices.',
    'published',
    now(),
    now()
  ),
  (
    '72000000-0000-0000-0000-000000000010',
    'ResNet-50',
    'resnet-50-demo',
    'vision',
    'Microsoft',
    'ResNet',
    null,
    'vision',
    'Demo image classification backbone used to broaden vision comparison choices.',
    'published',
    now(),
    now()
  ),
  (
    '72000000-0000-0000-0000-000000000011',
    'Wav2Vec2 Large 960h',
    'wav2vec2-large-960h-demo',
    'speech',
    'Meta',
    'Wav2Vec2',
    null,
    'audio',
    'Demo ASR model used to broaden speech comparison choices for offline transcription.',
    'published',
    now(),
    now()
  ),
  (
    '72000000-0000-0000-0000-000000000012',
    'Paraformer Large',
    'paraformer-large-demo',
    'speech',
    'Alibaba',
    'Paraformer',
    null,
    'audio',
    'Demo streaming speech model used to broaden speech comparison choices.',
    'published',
    now(),
    now()
  )
on conflict (id) do update
set
  name = excluded.name,
  slug = excluded.slug,
  category = excluded.category,
  vendor = excluded.vendor,
  family = excluded.family,
  parameter_size_b = excluded.parameter_size_b,
  modality = excluded.modality,
  description = excluded.description,
  status = excluded.status,
  published_at = excluded.published_at,
  updated_at = now();

insert into public.model_variants (
  id,
  model_id,
  name,
  precision,
  quantization,
  context_length,
  input_resolution,
  weights_source_url,
  notes,
  status,
  published_at,
  updated_at
)
values
  (
    '73000000-0000-0000-0000-000000000012',
    '72000000-0000-0000-0000-000000000007',
    'FP8 Dense Serve',
    'FP8',
    null,
    32768,
    null,
    'https://huggingface.co/mistralai/Mistral-7B-Instruct-v0.3',
    'Demo serving variant for dense 7B LLM comparison.',
    'published',
    now(),
    now()
  ),
  (
    '73000000-0000-0000-0000-000000000013',
    '72000000-0000-0000-0000-000000000008',
    'INT4 Chat Serve',
    'BF16',
    'INT4',
    8192,
    null,
    'https://huggingface.co/google/gemma-2-9b-it',
    'Demo serving variant for compact 9B LLM comparison.',
    'published',
    now(),
    now()
  ),
  (
    '73000000-0000-0000-0000-000000000014',
    '72000000-0000-0000-0000-000000000009',
    'FP16 960x960',
    'FP16',
    null,
    null,
    '960x960',
    'https://github.com/lyuwenyu/RT-DETR',
    'Demo detection variant for richer vision selector coverage.',
    'published',
    now(),
    now()
  ),
  (
    '73000000-0000-0000-0000-000000000015',
    '72000000-0000-0000-0000-000000000010',
    'INT8 224x224',
    'INT8',
    'INT8',
    null,
    '224x224',
    'https://huggingface.co/microsoft/resnet-50',
    'Demo classification variant for richer vision selector coverage.',
    'published',
    now(),
    now()
  ),
  (
    '73000000-0000-0000-0000-000000000016',
    '72000000-0000-0000-0000-000000000011',
    'FP16 Offline ASR',
    'FP16',
    null,
    null,
    null,
    'https://huggingface.co/facebook/wav2vec2-large-960h',
    'Demo offline ASR variant for richer speech selector coverage.',
    'published',
    now(),
    now()
  ),
  (
    '73000000-0000-0000-0000-000000000017',
    '72000000-0000-0000-0000-000000000012',
    'INT8 Streaming ASR',
    'INT8',
    'INT8',
    null,
    null,
    'https://huggingface.co/funasr/paraformer-zh-large',
    'Demo streaming ASR variant for richer speech selector coverage.',
    'published',
    now(),
    now()
  )
on conflict (id) do update
set
  model_id = excluded.model_id,
  name = excluded.name,
  precision = excluded.precision,
  quantization = excluded.quantization,
  context_length = excluded.context_length,
  input_resolution = excluded.input_resolution,
  weights_source_url = excluded.weights_source_url,
  notes = excluded.notes,
  status = excluded.status,
  published_at = excluded.published_at,
  updated_at = now();

insert into public.benchmark_scenarios (
  id,
  model_variant_id,
  task_type,
  batch_size,
  sequence_length,
  input_shape,
  dataset,
  framework,
  runtime,
  compiler,
  metric_name,
  metric_unit,
  notes,
  status,
  published_at,
  updated_at
)
values
  (
    '74000000-0000-0000-0000-000000000014',
    '73000000-0000-0000-0000-000000000012',
    'text-generation',
    16,
    4096,
    '4096 in / 256 out',
    'Synthetic enterprise prompts',
    'vLLM',
    'CUDA',
    null,
    'throughput',
    'tokens/s',
    'Dense Mistral profile for direct cloud accelerator comparison.',
    'published',
    now(),
    now()
  ),
  (
    '74000000-0000-0000-0000-000000000015',
    '73000000-0000-0000-0000-000000000013',
    'text-generation',
    4,
    2048,
    '2048 in / 128 out',
    'Interactive assistant prompts',
    'TensorRT-LLM',
    'TensorRT runtime',
    null,
    'latency',
    'ms',
    'Latency-oriented Gemma profile for direct cloud accelerator comparison.',
    'published',
    now(),
    now()
  ),
  (
    '74000000-0000-0000-0000-000000000016',
    '73000000-0000-0000-0000-000000000014',
    'object-detection',
    8,
    null,
    '960x960',
    'COCO val2017',
    'TensorRT',
    'TensorRT runtime',
    'trtexec',
    'throughput',
    'images/s',
    'RT-DETR detection profile for broader vision comparison coverage.',
    'published',
    now(),
    now()
  ),
  (
    '74000000-0000-0000-0000-000000000017',
    '73000000-0000-0000-0000-000000000015',
    'image-classification',
    256,
    null,
    '224x224',
    'ImageNet-1K',
    'OpenVINO',
    'OpenVINO runtime',
    null,
    'throughput',
    'images/s',
    'ResNet-50 classification profile for broader vision comparison coverage.',
    'published',
    now(),
    now()
  ),
  (
    '74000000-0000-0000-0000-000000000018',
    '73000000-0000-0000-0000-000000000016',
    'speech-recognition',
    8,
    null,
    '20s clip',
    'LibriSpeech test-clean',
    'ONNX Runtime',
    'Optimized EP',
    null,
    'throughput',
    'x realtime',
    'Wav2Vec2 offline ASR profile for broader speech comparison coverage.',
    'published',
    now(),
    now()
  ),
  (
    '74000000-0000-0000-0000-000000000019',
    '73000000-0000-0000-0000-000000000017',
    'streaming-asr',
    2,
    null,
    '8s stream',
    'Call center streaming mix',
    'FunASR',
    'Vendor optimized runtime',
    null,
    'latency',
    'ms',
    'Paraformer streaming ASR profile for broader speech comparison coverage.',
    'published',
    now(),
    now()
  )
on conflict (id) do update
set
  model_variant_id = excluded.model_variant_id,
  task_type = excluded.task_type,
  batch_size = excluded.batch_size,
  sequence_length = excluded.sequence_length,
  input_shape = excluded.input_shape,
  dataset = excluded.dataset,
  framework = excluded.framework,
  runtime = excluded.runtime,
  compiler = excluded.compiler,
  metric_name = excluded.metric_name,
  metric_unit = excluded.metric_unit,
  notes = excluded.notes,
  status = excluded.status,
  published_at = excluded.published_at,
  updated_at = now();

insert into public.llm_scenario_details (
  scenario_id,
  request_mode,
  input_tokens,
  output_tokens,
  concurrency,
  requests_per_second_target,
  prompt_template,
  decoding_strategy,
  notes
)
values
  (
    '74000000-0000-0000-0000-000000000014',
    'online',
    4096,
    256,
    16,
    24,
    'instruction-template',
    'top-p',
    'Comparison-table Mistral throughput profile.'
  ),
  (
    '74000000-0000-0000-0000-000000000015',
    'online',
    2048,
    128,
    4,
    null,
    'chat-template',
    'greedy',
    'Comparison-table Gemma latency profile.'
  )
on conflict (scenario_id) do update
set
  request_mode = excluded.request_mode,
  input_tokens = excluded.input_tokens,
  output_tokens = excluded.output_tokens,
  concurrency = excluded.concurrency,
  requests_per_second_target = excluded.requests_per_second_target,
  prompt_template = excluded.prompt_template,
  decoding_strategy = excluded.decoding_strategy,
  notes = excluded.notes,
  updated_at = now();

insert into public.vision_scenario_details (
  scenario_id,
  task_subtype,
  input_width,
  input_height,
  channels,
  video_fps,
  preprocessing,
  postprocessing,
  notes
)
values
  (
    '74000000-0000-0000-0000-000000000016',
    'real-time detection',
    960,
    960,
    3,
    25,
    'resize + normalize',
    'nms',
    'Comparison-table RT-DETR detection profile.'
  ),
  (
    '74000000-0000-0000-0000-000000000017',
    'image classification',
    224,
    224,
    3,
    null,
    'resize + center crop',
    null,
    'Comparison-table ResNet-50 classification profile.'
  )
on conflict (scenario_id) do update
set
  task_subtype = excluded.task_subtype,
  input_width = excluded.input_width,
  input_height = excluded.input_height,
  channels = excluded.channels,
  video_fps = excluded.video_fps,
  preprocessing = excluded.preprocessing,
  postprocessing = excluded.postprocessing,
  notes = excluded.notes,
  updated_at = now();

insert into public.speech_scenario_details (
  scenario_id,
  task_subtype,
  audio_duration_sec,
  sample_rate_hz,
  streaming,
  chunk_duration_ms,
  language,
  decoding_strategy,
  notes
)
values
  (
    '74000000-0000-0000-0000-000000000018',
    'offline transcription',
    20,
    16000,
    false,
    null,
    'en',
    'ctc greedy',
    'Comparison-table Wav2Vec2 offline profile.'
  ),
  (
    '74000000-0000-0000-0000-000000000019',
    'streaming transcription',
    8,
    16000,
    true,
    400,
    'zh',
    'beam-search',
    'Comparison-table Paraformer streaming profile.'
  )
on conflict (scenario_id) do update
set
  task_subtype = excluded.task_subtype,
  audio_duration_sec = excluded.audio_duration_sec,
  sample_rate_hz = excluded.sample_rate_hz,
  streaming = excluded.streaming,
  chunk_duration_ms = excluded.chunk_duration_ms,
  language = excluded.language,
  decoding_strategy = excluded.decoding_strategy,
  notes = excluded.notes,
  updated_at = now();

insert into public.benchmark_results (
  id,
  chip_source,
  chip_id,
  manufacturer_id,
  scenario_id,
  primary_value,
  secondary_value,
  latency_ms_p50,
  latency_ms_p99,
  throughput,
  power_watt,
  memory_gb,
  status,
  source_url,
  notes,
  published_at,
  updated_at
)
values
  (
    '75000000-0000-0000-0000-000000000050',
    'cloud',
    '70000000-0000-0000-0000-000000000001',
    (select id from public.manufacturers where slug = 'nvidia'),
    '74000000-0000-0000-0000-000000000014',
    5900,
    null,
    58,
    74,
    5900,
    670,
    46,
    'published',
    'https://huggingface.co/mistralai/Mistral-7B-Instruct-v0.3',
    'Dense Mistral serving profile on NVIDIA H200.',
    now(),
    now()
  ),
  (
    '75000000-0000-0000-0000-000000000051',
    'cloud',
    '70000000-0000-0000-0000-000000000002',
    (select id from public.manufacturers where slug = 'nvidia'),
    '74000000-0000-0000-0000-000000000014',
    8100,
    null,
    43,
    55,
    8100,
    910,
    48,
    'published',
    'https://www.nvidia.com/en-us/data-center/blackwell-platform/',
    'Dense Mistral serving profile on NVIDIA B200.',
    now(),
    now()
  ),
  (
    '75000000-0000-0000-0000-000000000052',
    'cloud',
    '70000000-0000-0000-0000-000000000003',
    (select id from public.manufacturers where slug = 'amd'),
    '74000000-0000-0000-0000-000000000014',
    5450,
    null,
    64,
    82,
    5450,
    730,
    48,
    'published',
    'https://www.amd.com/en/products/accelerators/instinct/mi300/mi300x.html',
    'Dense Mistral serving profile on AMD MI300X.',
    now(),
    now()
  ),
  (
    '75000000-0000-0000-0000-000000000053',
    'cloud',
    '70000000-0000-0000-0000-000000000004',
    (select id from public.manufacturers where slug = 'intel'),
    '74000000-0000-0000-0000-000000000014',
    5020,
    null,
    69,
    88,
    5020,
    790,
    42,
    'published',
    'https://www.intel.com/content/www/us/en/products/details/processors/ai-accelerators/gaudi.html',
    'Dense Mistral serving profile on Intel Gaudi 3.',
    now(),
    now()
  ),
  (
    '75000000-0000-0000-0000-000000000054',
    'cloud',
    '70000000-0000-0000-0000-000000000001',
    (select id from public.manufacturers where slug = 'nvidia'),
    '74000000-0000-0000-0000-000000000015',
    41,
    null,
    41,
    53,
    1020,
    620,
    38,
    'published',
    'https://huggingface.co/google/gemma-2-9b-it',
    'Gemma latency profile on NVIDIA H200.',
    now(),
    now()
  ),
  (
    '75000000-0000-0000-0000-000000000055',
    'cloud',
    '70000000-0000-0000-0000-000000000002',
    (select id from public.manufacturers where slug = 'nvidia'),
    '74000000-0000-0000-0000-000000000015',
    31,
    null,
    31,
    40,
    1260,
    880,
    40,
    'published',
    'https://www.nvidia.com/en-us/data-center/blackwell-platform/',
    'Gemma latency profile on NVIDIA B200.',
    now(),
    now()
  ),
  (
    '75000000-0000-0000-0000-000000000056',
    'cloud',
    '70000000-0000-0000-0000-000000000003',
    (select id from public.manufacturers where slug = 'amd'),
    '74000000-0000-0000-0000-000000000015',
    50,
    null,
    50,
    64,
    940,
    700,
    40,
    'published',
    'https://www.amd.com/en/products/accelerators/instinct/mi300/mi300x.html',
    'Gemma latency profile on AMD MI300X.',
    now(),
    now()
  ),
  (
    '75000000-0000-0000-0000-000000000057',
    'cloud',
    '70000000-0000-0000-0000-000000000004',
    (select id from public.manufacturers where slug = 'intel'),
    '74000000-0000-0000-0000-000000000015',
    55,
    null,
    55,
    69,
    820,
    770,
    36,
    'published',
    'https://www.intel.com/content/www/us/en/products/details/processors/ai-accelerators/gaudi.html',
    'Gemma latency profile on Intel Gaudi 3.',
    now(),
    now()
  ),
  (
    '75000000-0000-0000-0000-000000000058',
    'cloud',
    '70000000-0000-0000-0000-000000000001',
    (select id from public.manufacturers where slug = 'nvidia'),
    '74000000-0000-0000-0000-000000000016',
    890,
    null,
    15,
    19,
    890,
    650,
    44,
    'published',
    'https://github.com/lyuwenyu/RT-DETR',
    'RT-DETR profile on NVIDIA H200.',
    now(),
    now()
  ),
  (
    '75000000-0000-0000-0000-000000000059',
    'cloud',
    '70000000-0000-0000-0000-000000000002',
    (select id from public.manufacturers where slug = 'nvidia'),
    '74000000-0000-0000-0000-000000000016',
    1210,
    null,
    11,
    14,
    1210,
    920,
    46,
    'published',
    'https://www.nvidia.com/en-us/data-center/blackwell-platform/',
    'RT-DETR profile on NVIDIA B200.',
    now(),
    now()
  ),
  (
    '75000000-0000-0000-0000-000000000060',
    'edge',
    '71000000-0000-0000-0000-000000000001',
    (select id from public.manufacturers where slug = 'nvidia'),
    '74000000-0000-0000-0000-000000000016',
    162,
    null,
    30,
    37,
    162,
    58,
    20,
    'published',
    'https://www.nvidia.com/en-us/autonomous-machines/embedded-systems/jetson-orin/',
    'RT-DETR profile on Jetson AGX Orin.',
    now(),
    now()
  ),
  (
    '75000000-0000-0000-0000-000000000061',
    'edge',
    '71000000-0000-0000-0000-000000000002',
    (select id from public.manufacturers where slug = 'qualcomm'),
    '74000000-0000-0000-0000-000000000016',
    94,
    null,
    45,
    56,
    94,
    24,
    8,
    'published',
    'https://www.qualcomm.com/products/mobile/snapdragon/pcs-and-tablets/snapdragon-x-elite',
    'RT-DETR profile on Snapdragon X Elite NPU.',
    now(),
    now()
  ),
  (
    '75000000-0000-0000-0000-000000000062',
    'edge',
    '71000000-0000-0000-0000-000000000003',
    (select id from public.manufacturers where slug = 'huawei'),
    '74000000-0000-0000-0000-000000000016',
    88,
    null,
    49,
    62,
    88,
    18,
    8,
    'published',
    'https://www.hiascend.com/en/',
    'RT-DETR profile on Ascend 310B.',
    now(),
    now()
  ),
  (
    '75000000-0000-0000-0000-000000000063',
    'cloud',
    '70000000-0000-0000-0000-000000000001',
    (select id from public.manufacturers where slug = 'nvidia'),
    '74000000-0000-0000-0000-000000000017',
    18400,
    null,
    9,
    12,
    18400,
    600,
    28,
    'published',
    'https://huggingface.co/microsoft/resnet-50',
    'ResNet-50 profile on NVIDIA H200.',
    now(),
    now()
  ),
  (
    '75000000-0000-0000-0000-000000000064',
    'edge',
    '71000000-0000-0000-0000-000000000001',
    (select id from public.manufacturers where slug = 'nvidia'),
    '74000000-0000-0000-0000-000000000017',
    2410,
    null,
    26,
    32,
    2410,
    52,
    14,
    'published',
    'https://www.nvidia.com/en-us/autonomous-machines/embedded-systems/jetson-orin/',
    'ResNet-50 profile on Jetson AGX Orin.',
    now(),
    now()
  ),
  (
    '75000000-0000-0000-0000-000000000065',
    'edge',
    '71000000-0000-0000-0000-000000000002',
    (select id from public.manufacturers where slug = 'qualcomm'),
    '74000000-0000-0000-0000-000000000017',
    2280,
    null,
    28,
    35,
    2280,
    22,
    8,
    'published',
    'https://www.qualcomm.com/products/mobile/snapdragon/pcs-and-tablets/snapdragon-x-elite',
    'ResNet-50 profile on Snapdragon X Elite NPU.',
    now(),
    now()
  ),
  (
    '75000000-0000-0000-0000-000000000066',
    'edge',
    '71000000-0000-0000-0000-000000000004',
    (select id from public.manufacturers where slug = 'intel'),
    '74000000-0000-0000-0000-000000000017',
    1760,
    null,
    33,
    42,
    1760,
    20,
    6,
    'published',
    'https://www.intel.com/content/www/us/en/products/details/processors/core-ultra.html',
    'ResNet-50 profile on Intel Core Ultra 7 155H NPU.',
    now(),
    now()
  ),
  (
    '75000000-0000-0000-0000-000000000067',
    'edge',
    '71000000-0000-0000-0000-000000000003',
    (select id from public.manufacturers where slug = 'huawei'),
    '74000000-0000-0000-0000-000000000017',
    1380,
    null,
    41,
    52,
    1380,
    17,
    7,
    'published',
    'https://www.hiascend.com/en/',
    'ResNet-50 profile on Ascend 310B.',
    now(),
    now()
  ),
  (
    '75000000-0000-0000-0000-000000000068',
    'cloud',
    '70000000-0000-0000-0000-000000000001',
    (select id from public.manufacturers where slug = 'nvidia'),
    '74000000-0000-0000-0000-000000000018',
    42,
    null,
    82,
    99,
    42,
    590,
    26,
    'published',
    'https://huggingface.co/facebook/wav2vec2-large-960h',
    'Wav2Vec2 offline ASR profile on NVIDIA H200.',
    now(),
    now()
  ),
  (
    '75000000-0000-0000-0000-000000000069',
    'edge',
    '71000000-0000-0000-0000-000000000001',
    (select id from public.manufacturers where slug = 'nvidia'),
    '74000000-0000-0000-0000-000000000018',
    11.8,
    null,
    205,
    248,
    11.8,
    53,
    12,
    'published',
    'https://www.nvidia.com/en-us/autonomous-machines/embedded-systems/jetson-orin/',
    'Wav2Vec2 offline ASR profile on Jetson AGX Orin.',
    now(),
    now()
  ),
  (
    '75000000-0000-0000-0000-000000000070',
    'edge',
    '71000000-0000-0000-0000-000000000002',
    (select id from public.manufacturers where slug = 'qualcomm'),
    '74000000-0000-0000-0000-000000000018',
    8.9,
    null,
    252,
    308,
    8.9,
    22,
    6,
    'published',
    'https://www.qualcomm.com/products/mobile/snapdragon/pcs-and-tablets/snapdragon-x-elite',
    'Wav2Vec2 offline ASR profile on Snapdragon X Elite NPU.',
    now(),
    now()
  ),
  (
    '75000000-0000-0000-0000-000000000071',
    'edge',
    '71000000-0000-0000-0000-000000000003',
    (select id from public.manufacturers where slug = 'huawei'),
    '74000000-0000-0000-0000-000000000018',
    7.4,
    null,
    286,
    344,
    7.4,
    18,
    5,
    'published',
    'https://www.hiascend.com/en/',
    'Wav2Vec2 offline ASR profile on Ascend 310B.',
    now(),
    now()
  ),
  (
    '75000000-0000-0000-0000-000000000072',
    'edge',
    '71000000-0000-0000-0000-000000000004',
    (select id from public.manufacturers where slug = 'intel'),
    '74000000-0000-0000-0000-000000000018',
    7.9,
    null,
    270,
    326,
    7.9,
    19,
    5,
    'published',
    'https://www.intel.com/content/www/us/en/products/details/processors/core-ultra.html',
    'Wav2Vec2 offline ASR profile on Intel Core Ultra 7 155H NPU.',
    now(),
    now()
  ),
  (
    '75000000-0000-0000-0000-000000000073',
    'cloud',
    '70000000-0000-0000-0000-000000000001',
    (select id from public.manufacturers where slug = 'nvidia'),
    '74000000-0000-0000-0000-000000000019',
    61,
    null,
    61,
    74,
    18,
    600,
    30,
    'published',
    'https://github.com/alibaba-damo-academy/FunASR',
    'Paraformer streaming profile on NVIDIA H200.',
    now(),
    now()
  ),
  (
    '75000000-0000-0000-0000-000000000074',
    'edge',
    '71000000-0000-0000-0000-000000000001',
    (select id from public.manufacturers where slug = 'nvidia'),
    '74000000-0000-0000-0000-000000000019',
    155,
    null,
    155,
    188,
    6.5,
    52,
    11,
    'published',
    'https://www.nvidia.com/en-us/autonomous-machines/embedded-systems/jetson-orin/',
    'Paraformer streaming profile on Jetson AGX Orin.',
    now(),
    now()
  ),
  (
    '75000000-0000-0000-0000-000000000075',
    'edge',
    '71000000-0000-0000-0000-000000000002',
    (select id from public.manufacturers where slug = 'qualcomm'),
    '74000000-0000-0000-0000-000000000019',
    188,
    null,
    188,
    230,
    5.2,
    21,
    6,
    'published',
    'https://www.qualcomm.com/products/mobile/snapdragon/pcs-and-tablets/snapdragon-x-elite',
    'Paraformer streaming profile on Snapdragon X Elite NPU.',
    now(),
    now()
  ),
  (
    '75000000-0000-0000-0000-000000000076',
    'edge',
    '71000000-0000-0000-0000-000000000003',
    (select id from public.manufacturers where slug = 'huawei'),
    '74000000-0000-0000-0000-000000000019',
    172,
    null,
    172,
    209,
    5.8,
    17,
    6,
    'published',
    'https://www.hiascend.com/en/',
    'Paraformer streaming profile on Ascend 310B.',
    now(),
    now()
  ),
  (
    '75000000-0000-0000-0000-000000000077',
    'edge',
    '71000000-0000-0000-0000-000000000004',
    (select id from public.manufacturers where slug = 'intel'),
    '74000000-0000-0000-0000-000000000019',
    196,
    null,
    196,
    238,
    4.9,
    18,
    5,
    'published',
    'https://www.intel.com/content/www/us/en/products/details/processors/core-ultra.html',
    'Paraformer streaming profile on Intel Core Ultra 7 155H NPU.',
    now(),
    now()
  )
on conflict (id) do update
set
  chip_source = excluded.chip_source,
  chip_id = excluded.chip_id,
  manufacturer_id = excluded.manufacturer_id,
  scenario_id = excluded.scenario_id,
  primary_value = excluded.primary_value,
  secondary_value = excluded.secondary_value,
  latency_ms_p50 = excluded.latency_ms_p50,
  latency_ms_p99 = excluded.latency_ms_p99,
  throughput = excluded.throughput,
  power_watt = excluded.power_watt,
  memory_gb = excluded.memory_gb,
  status = excluded.status,
  source_url = excluded.source_url,
  notes = excluded.notes,
  published_at = excluded.published_at,
  updated_at = now();

insert into public.benchmark_evidence (
  id,
  benchmark_result_id,
  kind,
  file_path,
  title,
  description
)
select
  ('76000000-0000-0000-0000-' || lpad((row_number() over (order by results.id) + 49)::text, 12, '0'))::uuid as id,
  results.id,
  'report',
  coalesce(results.source_url, 'https://realperf.ai'),
  'Expanded Demo Evidence',
  'Illustrative evidence link for expanded demo catalog profiles.'
from public.benchmark_results results
where results.id between '75000000-0000-0000-0000-000000000050' and '75000000-0000-0000-0000-000000000077'
on conflict (id) do update
set
  benchmark_result_id = excluded.benchmark_result_id,
  kind = excluded.kind,
  file_path = excluded.file_path,
  title = excluded.title,
  description = excluded.description;
