-- Additional demo benchmark profiles for comparison-table UX validation.
-- These rows create more selectable test conditions per model so users can
-- compare chips side by side under the same benchmark profile.

insert into public.model_variants (
  id,
  model_id,
  name,
  precision,
  quantization,
  context_length,
  input_resolution,
  weights_source_url,
  notes,
  status,
  published_at,
  updated_at
)
values
  (
    '73000000-0000-0000-0000-000000000007',
    '72000000-0000-0000-0000-000000000003',
    'INT8 1280x1280',
    'INT8',
    'INT8',
    null,
    '1280x1280',
    'https://github.com/THU-MIG/yolov10',
    'Demo high-resolution object detection variant for comparison-table filtering.',
    'published',
    now(),
    now()
  ),
  (
    '73000000-0000-0000-0000-000000000008',
    '72000000-0000-0000-0000-000000000004',
    'FP16 384x384',
    'FP16',
    null,
    null,
    '384x384',
    'https://huggingface.co/google/vit-base-patch16-224',
    'Demo higher-resolution classification variant for comparison-table filtering.',
    'published',
    now(),
    now()
  ),
  (
    '73000000-0000-0000-0000-000000000009',
    '72000000-0000-0000-0000-000000000005',
    'INT8 Streaming ASR',
    'INT8',
    'INT8',
    null,
    null,
    'https://huggingface.co/openai/whisper-large-v3',
    'Demo streaming speech variant for comparison-table filtering.',
    'published',
    now(),
    now()
  ),
  (
    '73000000-0000-0000-0000-000000000010',
    '72000000-0000-0000-0000-000000000001',
    'INT4 Serve',
    'FP8',
    'INT4',
    8192,
    null,
    'https://huggingface.co/meta-llama/Llama-3.1-8B-Instruct',
    'Demo INT4 serving variant for high-density LLM comparison.',
    'published',
    now(),
    now()
  ),
  (
    '73000000-0000-0000-0000-000000000011',
    '72000000-0000-0000-0000-000000000002',
    'FP8 Low-Latency',
    'FP8',
    null,
    32768,
    null,
    'https://huggingface.co/Qwen/Qwen2.5-7B-Instruct',
    'Demo low-latency Qwen serving variant for comparison-table filtering.',
    'published',
    now(),
    now()
  )
on conflict (id) do update
set
  model_id = excluded.model_id,
  name = excluded.name,
  precision = excluded.precision,
  quantization = excluded.quantization,
  context_length = excluded.context_length,
  input_resolution = excluded.input_resolution,
  weights_source_url = excluded.weights_source_url,
  notes = excluded.notes,
  status = excluded.status,
  published_at = excluded.published_at,
  updated_at = now();

insert into public.benchmark_scenarios (
  id,
  model_variant_id,
  task_type,
  batch_size,
  sequence_length,
  input_shape,
  dataset,
  framework,
  runtime,
  compiler,
  metric_name,
  metric_unit,
  notes,
  status,
  published_at,
  updated_at
)
values
  (
    '74000000-0000-0000-0000-000000000009',
    '73000000-0000-0000-0000-000000000007',
    'object-detection',
    1,
    null,
    '1280x1280',
    'COCO val2017',
    'TensorRT',
    'TensorRT runtime',
    'trtexec',
    'throughput',
    'images/s',
    'High-resolution YOLO detection profile for direct chip-to-chip comparison.',
    'published',
    now(),
    now()
  ),
  (
    '74000000-0000-0000-0000-000000000010',
    '73000000-0000-0000-0000-000000000008',
    'image-classification',
    64,
    null,
    '384x384',
    'ImageNet-1K',
    'ONNX Runtime',
    'Optimized EP',
    null,
    'throughput',
    'images/s',
    'Higher-resolution ViT classification profile for direct chip-to-chip comparison.',
    'published',
    now(),
    now()
  ),
  (
    '74000000-0000-0000-0000-000000000011',
    '73000000-0000-0000-0000-000000000009',
    'streaming-asr',
    4,
    null,
    '10s chunk',
    'Streaming English commands',
    'ONNX Runtime',
    'Optimized EP',
    null,
    'throughput',
    'x realtime',
    'Streaming Whisper profile for direct chip-to-chip comparison.',
    'published',
    now(),
    now()
  ),
  (
    '74000000-0000-0000-0000-000000000012',
    '73000000-0000-0000-0000-000000000010',
    'text-generation',
    32,
    2048,
    '2048 in / 256 out',
    'Synthetic prompt mix',
    'TensorRT-LLM',
    'Triton',
    null,
    'throughput',
    'tokens/s',
    'Dense Llama profile for direct cloud accelerator comparison.',
    'published',
    now(),
    now()
  ),
  (
    '74000000-0000-0000-0000-000000000013',
    '73000000-0000-0000-0000-000000000011',
    'text-generation',
    1,
    4096,
    '4096 in / 256 out',
    'Enterprise chat prompts',
    'vLLM',
    'CUDA',
    null,
    'latency',
    'ms',
    'Latency-focused Qwen profile for direct cloud accelerator comparison.',
    'published',
    now(),
    now()
  )
on conflict (id) do update
set
  model_variant_id = excluded.model_variant_id,
  task_type = excluded.task_type,
  batch_size = excluded.batch_size,
  sequence_length = excluded.sequence_length,
  input_shape = excluded.input_shape,
  dataset = excluded.dataset,
  framework = excluded.framework,
  runtime = excluded.runtime,
  compiler = excluded.compiler,
  metric_name = excluded.metric_name,
  metric_unit = excluded.metric_unit,
  notes = excluded.notes,
  status = excluded.status,
  published_at = excluded.published_at,
  updated_at = now();

insert into public.llm_scenario_details (
  scenario_id,
  request_mode,
  input_tokens,
  output_tokens,
  concurrency,
  requests_per_second_target,
  prompt_template,
  decoding_strategy,
  notes
)
values
  (
    '74000000-0000-0000-0000-000000000012',
    'online',
    2048,
    256,
    32,
    48,
    'instruction-template',
    'greedy',
    'Comparison-table Llama throughput profile.'
  ),
  (
    '74000000-0000-0000-0000-000000000013',
    'online',
    4096,
    256,
    1,
    null,
    'chat-template',
    'greedy',
    'Comparison-table Qwen latency profile.'
  )
on conflict (scenario_id) do update
set
  request_mode = excluded.request_mode,
  input_tokens = excluded.input_tokens,
  output_tokens = excluded.output_tokens,
  concurrency = excluded.concurrency,
  requests_per_second_target = excluded.requests_per_second_target,
  prompt_template = excluded.prompt_template,
  decoding_strategy = excluded.decoding_strategy,
  notes = excluded.notes,
  updated_at = now();

insert into public.vision_scenario_details (
  scenario_id,
  task_subtype,
  input_width,
  input_height,
  channels,
  video_fps,
  preprocessing,
  postprocessing,
  notes
)
values
  (
    '74000000-0000-0000-0000-000000000009',
    'real-time detection',
    1280,
    1280,
    3,
    30,
    'resize + normalize',
    'nms',
    'Comparison-table YOLO high-resolution detection profile.'
  ),
  (
    '74000000-0000-0000-0000-000000000010',
    'image classification',
    384,
    384,
    3,
    null,
    'resize + center crop',
    null,
    'Comparison-table ViT high-resolution classification profile.'
  )
on conflict (scenario_id) do update
set
  task_subtype = excluded.task_subtype,
  input_width = excluded.input_width,
  input_height = excluded.input_height,
  channels = excluded.channels,
  video_fps = excluded.video_fps,
  preprocessing = excluded.preprocessing,
  postprocessing = excluded.postprocessing,
  notes = excluded.notes,
  updated_at = now();

insert into public.speech_scenario_details (
  scenario_id,
  task_subtype,
  audio_duration_sec,
  sample_rate_hz,
  streaming,
  chunk_duration_ms,
  language,
  decoding_strategy,
  notes
)
values
  (
    '74000000-0000-0000-0000-000000000011',
    'streaming transcription',
    10,
    16000,
    true,
    500,
    'en',
    'beam-search',
    'Comparison-table Whisper streaming profile.'
  )
on conflict (scenario_id) do update
set
  task_subtype = excluded.task_subtype,
  audio_duration_sec = excluded.audio_duration_sec,
  sample_rate_hz = excluded.sample_rate_hz,
  streaming = excluded.streaming,
  chunk_duration_ms = excluded.chunk_duration_ms,
  language = excluded.language,
  decoding_strategy = excluded.decoding_strategy,
  notes = excluded.notes,
  updated_at = now();

insert into public.benchmark_results (
  id,
  chip_source,
  chip_id,
  manufacturer_id,
  scenario_id,
  primary_value,
  secondary_value,
  latency_ms_p50,
  latency_ms_p99,
  throughput,
  power_watt,
  memory_gb,
  status,
  source_url,
  notes,
  published_at,
  updated_at
)
values
  (
    '75000000-0000-0000-0000-000000000029',
    'cloud',
    '70000000-0000-0000-0000-000000000001',
    (select id from public.manufacturers where slug = 'nvidia'),
    '74000000-0000-0000-0000-000000000009',
    420,
    null,
    12,
    15,
    420,
    640,
    76,
    'published',
    'https://www.nvidia.com/en-us/data-center/h200/',
    'High-resolution YOLO profile on NVIDIA H200.',
    now(),
    now()
  ),
  (
    '75000000-0000-0000-0000-000000000030',
    'cloud',
    '70000000-0000-0000-0000-000000000002',
    (select id from public.manufacturers where slug = 'nvidia'),
    '74000000-0000-0000-0000-000000000009',
    560,
    null,
    9,
    11,
    560,
    890,
    86,
    'published',
    'https://www.nvidia.com/en-us/data-center/blackwell-platform/',
    'High-resolution YOLO profile on NVIDIA B200.',
    now(),
    now()
  ),
  (
    '75000000-0000-0000-0000-000000000031',
    'edge',
    '71000000-0000-0000-0000-000000000001',
    (select id from public.manufacturers where slug = 'nvidia'),
    '74000000-0000-0000-0000-000000000009',
    74,
    null,
    27,
    34,
    74,
    58,
    22,
    'published',
    'https://www.nvidia.com/en-us/autonomous-machines/embedded-systems/jetson-orin/',
    'High-resolution YOLO profile on Jetson AGX Orin.',
    now(),
    now()
  ),
  (
    '75000000-0000-0000-0000-000000000032',
    'edge',
    '71000000-0000-0000-0000-000000000002',
    (select id from public.manufacturers where slug = 'qualcomm'),
    '74000000-0000-0000-0000-000000000009',
    41,
    null,
    39,
    48,
    41,
    26,
    8,
    'published',
    'https://www.qualcomm.com/products/mobile/snapdragon/pcs-and-tablets/snapdragon-x-elite',
    'High-resolution YOLO profile on Snapdragon X Elite NPU.',
    now(),
    now()
  ),
  (
    '75000000-0000-0000-0000-000000000033',
    'edge',
    '71000000-0000-0000-0000-000000000003',
    (select id from public.manufacturers where slug = 'huawei'),
    '74000000-0000-0000-0000-000000000009',
    36,
    null,
    43,
    55,
    36,
    18,
    7,
    'published',
    'https://www.hiascend.com/en/',
    'High-resolution YOLO profile on Ascend 310B.',
    now(),
    now()
  ),
  (
    '75000000-0000-0000-0000-000000000034',
    'cloud',
    '70000000-0000-0000-0000-000000000001',
    (select id from public.manufacturers where slug = 'nvidia'),
    '74000000-0000-0000-0000-000000000010',
    9800,
    null,
    14,
    19,
    9800,
    620,
    40,
    'published',
    'https://www.nvidia.com/en-us/data-center/h200/',
    'High-resolution ViT profile on NVIDIA H200.',
    now(),
    now()
  ),
  (
    '75000000-0000-0000-0000-000000000035',
    'edge',
    '71000000-0000-0000-0000-000000000001',
    (select id from public.manufacturers where slug = 'nvidia'),
    '74000000-0000-0000-0000-000000000010',
    1480,
    null,
    42,
    50,
    1480,
    55,
    20,
    'published',
    'https://www.nvidia.com/en-us/autonomous-machines/embedded-systems/jetson-orin/',
    'High-resolution ViT profile on Jetson AGX Orin.',
    now(),
    now()
  ),
  (
    '75000000-0000-0000-0000-000000000036',
    'edge',
    '71000000-0000-0000-0000-000000000002',
    (select id from public.manufacturers where slug = 'qualcomm'),
    '74000000-0000-0000-0000-000000000010',
    1320,
    null,
    48,
    57,
    1320,
    24,
    8,
    'published',
    'https://www.qualcomm.com/products/mobile/snapdragon/pcs-and-tablets/snapdragon-x-elite',
    'High-resolution ViT profile on Snapdragon X Elite NPU.',
    now(),
    now()
  ),
  (
    '75000000-0000-0000-0000-000000000037',
    'edge',
    '71000000-0000-0000-0000-000000000004',
    (select id from public.manufacturers where slug = 'intel'),
    '74000000-0000-0000-0000-000000000010',
    960,
    null,
    59,
    71,
    960,
    21,
    6,
    'published',
    'https://www.intel.com/content/www/us/en/products/details/processors/core-ultra.html',
    'High-resolution ViT profile on Intel Core Ultra 7 155H NPU.',
    now(),
    now()
  ),
  (
    '75000000-0000-0000-0000-000000000038',
    'cloud',
    '70000000-0000-0000-0000-000000000001',
    (select id from public.manufacturers where slug = 'nvidia'),
    '74000000-0000-0000-0000-000000000011',
    34,
    null,
    88,
    106,
    34,
    610,
    34,
    'published',
    'https://www.nvidia.com/en-us/data-center/h200/',
    'Streaming Whisper profile on NVIDIA H200.',
    now(),
    now()
  ),
  (
    '75000000-0000-0000-0000-000000000039',
    'edge',
    '71000000-0000-0000-0000-000000000001',
    (select id from public.manufacturers where slug = 'nvidia'),
    '74000000-0000-0000-0000-000000000011',
    9.2,
    null,
    190,
    236,
    9.2,
    54,
    18,
    'published',
    'https://www.nvidia.com/en-us/autonomous-machines/embedded-systems/jetson-orin/',
    'Streaming Whisper profile on Jetson AGX Orin.',
    now(),
    now()
  ),
  (
    '75000000-0000-0000-0000-000000000040',
    'edge',
    '71000000-0000-0000-0000-000000000002',
    (select id from public.manufacturers where slug = 'qualcomm'),
    '74000000-0000-0000-0000-000000000011',
    6.8,
    null,
    240,
    292,
    6.8,
    24,
    7,
    'published',
    'https://www.qualcomm.com/products/mobile/snapdragon/pcs-and-tablets/snapdragon-x-elite',
    'Streaming Whisper profile on Snapdragon X Elite NPU.',
    now(),
    now()
  ),
  (
    '75000000-0000-0000-0000-000000000041',
    'edge',
    '71000000-0000-0000-0000-000000000004',
    (select id from public.manufacturers where slug = 'intel'),
    '74000000-0000-0000-0000-000000000011',
    5.9,
    null,
    270,
    325,
    5.9,
    19,
    6,
    'published',
    'https://www.intel.com/content/www/us/en/products/details/processors/core-ultra.html',
    'Streaming Whisper profile on Intel Core Ultra 7 155H NPU.',
    now(),
    now()
  ),
  (
    '75000000-0000-0000-0000-000000000042',
    'cloud',
    '70000000-0000-0000-0000-000000000001',
    (select id from public.manufacturers where slug = 'nvidia'),
    '74000000-0000-0000-0000-000000000012',
    8300,
    null,
    71,
    88,
    8300,
    680,
    80,
    'published',
    'https://www.nvidia.com/en-us/data-center/h200/',
    'Dense Llama INT4 serving profile on NVIDIA H200.',
    now(),
    now()
  ),
  (
    '75000000-0000-0000-0000-000000000043',
    'cloud',
    '70000000-0000-0000-0000-000000000002',
    (select id from public.manufacturers where slug = 'nvidia'),
    '74000000-0000-0000-0000-000000000012',
    11200,
    null,
    55,
    69,
    11200,
    930,
    84,
    'published',
    'https://www.nvidia.com/en-us/data-center/blackwell-platform/',
    'Dense Llama INT4 serving profile on NVIDIA B200.',
    now(),
    now()
  ),
  (
    '75000000-0000-0000-0000-000000000044',
    'cloud',
    '70000000-0000-0000-0000-000000000003',
    (select id from public.manufacturers where slug = 'amd'),
    '74000000-0000-0000-0000-000000000012',
    7600,
    null,
    78,
    94,
    7600,
    720,
    82,
    'published',
    'https://www.amd.com/en/products/accelerators/instinct/mi300/mi300x.html',
    'Dense Llama INT4 serving profile on AMD MI300X.',
    now(),
    now()
  ),
  (
    '75000000-0000-0000-0000-000000000045',
    'cloud',
    '70000000-0000-0000-0000-000000000004',
    (select id from public.manufacturers where slug = 'intel'),
    '74000000-0000-0000-0000-000000000012',
    6900,
    null,
    85,
    103,
    6900,
    810,
    78,
    'published',
    'https://www.intel.com/content/www/us/en/products/details/processors/ai-accelerators/gaudi.html',
    'Dense Llama INT4 serving profile on Intel Gaudi 3.',
    now(),
    now()
  ),
  (
    '75000000-0000-0000-0000-000000000046',
    'cloud',
    '70000000-0000-0000-0000-000000000001',
    (select id from public.manufacturers where slug = 'nvidia'),
    '74000000-0000-0000-0000-000000000013',
    49,
    null,
    49,
    61,
    890,
    640,
    42,
    'published',
    'https://www.nvidia.com/en-us/data-center/h200/',
    'Low-latency Qwen profile on NVIDIA H200.',
    now(),
    now()
  ),
  (
    '75000000-0000-0000-0000-000000000047',
    'cloud',
    '70000000-0000-0000-0000-000000000002',
    (select id from public.manufacturers where slug = 'nvidia'),
    '74000000-0000-0000-0000-000000000013',
    36,
    null,
    36,
    45,
    1120,
    900,
    44,
    'published',
    'https://www.nvidia.com/en-us/data-center/blackwell-platform/',
    'Low-latency Qwen profile on NVIDIA B200.',
    now(),
    now()
  ),
  (
    '75000000-0000-0000-0000-000000000048',
    'cloud',
    '70000000-0000-0000-0000-000000000003',
    (select id from public.manufacturers where slug = 'amd'),
    '74000000-0000-0000-0000-000000000013',
    58,
    null,
    58,
    72,
    760,
    710,
    46,
    'published',
    'https://www.amd.com/en/products/accelerators/instinct/mi300/mi300x.html',
    'Low-latency Qwen profile on AMD MI300X.',
    now(),
    now()
  ),
  (
    '75000000-0000-0000-0000-000000000049',
    'cloud',
    '70000000-0000-0000-0000-000000000004',
    (select id from public.manufacturers where slug = 'intel'),
    '74000000-0000-0000-0000-000000000013',
    63,
    null,
    63,
    79,
    690,
    780,
    40,
    'published',
    'https://www.intel.com/content/www/us/en/products/details/processors/ai-accelerators/gaudi.html',
    'Low-latency Qwen profile on Intel Gaudi 3.',
    now(),
    now()
  )
on conflict (id) do update
set
  chip_source = excluded.chip_source,
  chip_id = excluded.chip_id,
  manufacturer_id = excluded.manufacturer_id,
  scenario_id = excluded.scenario_id,
  primary_value = excluded.primary_value,
  secondary_value = excluded.secondary_value,
  latency_ms_p50 = excluded.latency_ms_p50,
  latency_ms_p99 = excluded.latency_ms_p99,
  throughput = excluded.throughput,
  power_watt = excluded.power_watt,
  memory_gb = excluded.memory_gb,
  status = excluded.status,
  source_url = excluded.source_url,
  notes = excluded.notes,
  published_at = excluded.published_at,
  updated_at = now();

insert into public.benchmark_evidence (
  id,
  benchmark_result_id,
  kind,
  file_path,
  title,
  description
)
select
  ('76000000-0000-0000-0000-' || lpad((row_number() over (order by results.id) + 28)::text, 12, '0'))::uuid as id,
  results.id,
  'report',
  coalesce(results.source_url, 'https://realperf.ai'),
  'Comparison Demo Evidence',
  'Illustrative evidence link for comparison-table demo benchmark profiles.'
from public.benchmark_results results
where results.id between '75000000-0000-0000-0000-000000000029' and '75000000-0000-0000-0000-000000000049'
on conflict (id) do update
set
  benchmark_result_id = excluded.benchmark_result_id,
  kind = excluded.kind,
  file_path = excluded.file_path,
  title = excluded.title,
  description = excluded.description;
