-- Demo seed data for UX validation across chip pages and benchmark categories.
-- These rows are intentionally published so the public site can render a non-empty experience.
-- Benchmark values are illustrative demo values for product validation, not certified benchmark claims.

insert into public.manufacturers (name, slug, website_url, description, status)
values
  (
    'NVIDIA',
    'nvidia',
    'https://www.nvidia.com/en-us/data-center/',
    'GPU and accelerated computing platform vendor used in demo benchmark data.',
    'active'
  ),
  (
    'AMD',
    'amd',
    'https://www.amd.com/en/products/accelerators',
    'Accelerator vendor used in demo benchmark data.',
    'active'
  ),
  (
    'Intel',
    'intel',
    'https://www.intel.com/content/www/us/en/artificial-intelligence/ai-products.html',
    'CPU, NPU, and accelerator vendor used in demo benchmark data.',
    'active'
  ),
  (
    'Qualcomm',
    'qualcomm',
    'https://www.qualcomm.com/products/mobile/snapdragon/laptops-and-tablets',
    'Client and edge AI silicon vendor used in demo benchmark data.',
    'active'
  ),
  (
    'Huawei',
    'huawei',
    'https://www.huawei.com/en/',
    'Ascend ecosystem vendor used in demo benchmark data.',
    'active'
  )
on conflict (slug) do update
set
  name = excluded.name,
  website_url = excluded.website_url,
  description = excluded.description,
  status = excluded.status,
  updated_at = now();

insert into public.cloud_chips (
  id,
  name,
  manufacturer,
  manufacturer_id,
  category,
  architecture,
  process_node,
  form_factor,
  cooling_type,
  vram_gb,
  tdp_watt,
  fp16_tflops,
  fp32_tflops,
  release_date,
  price_usd,
  interconnect_bandwidth_gb_s,
  tensor_core_count,
  supported_precisions,
  summary,
  source_url,
  status,
  published_at,
  updated_at
)
values
  (
    '70000000-0000-0000-0000-000000000001',
    'NVIDIA H200 SXM',
    'NVIDIA',
    (select id from public.manufacturers where slug = 'nvidia'),
    'Data Center GPU',
    'Hopper',
    '4N',
    'SXM',
    'Liquid or air',
    141,
    700,
    989,
    67,
    date '2024-03-01',
    32000,
    900,
    528,
    'FP8, BF16, FP16, INT8',
    'Demo seed row for a flagship cloud training and inference accelerator with large HBM capacity.',
    'https://www.nvidia.com/en-us/data-center/h200/',
    'published',
    now(),
    now()
  ),
  (
    '70000000-0000-0000-0000-000000000002',
    'NVIDIA B200',
    'NVIDIA',
    (select id from public.manufacturers where slug = 'nvidia'),
    'Data Center GPU',
    'Blackwell',
    'TSMC 4NP',
    'SXM',
    'Liquid',
    192,
    1000,
    1800,
    90,
    date '2025-01-01',
    42000,
    1800,
    640,
    'FP8, BF16, FP16, INT8, INT4',
    'Demo seed row for a next-generation cloud accelerator optimized for large-model serving and training.',
    'https://www.nvidia.com/en-us/data-center/blackwell-platform/',
    'published',
    now(),
    now()
  ),
  (
    '70000000-0000-0000-0000-000000000003',
    'AMD Instinct MI300X',
    'AMD',
    (select id from public.manufacturers where slug = 'amd'),
    'Data Center GPU',
    'CDNA 3',
    '5nm + 6nm',
    'OAM',
    'Air',
    192,
    750,
    1307,
    163,
    date '2023-12-01',
    25000,
    896,
    304,
    'FP16, BF16, INT8',
    'Demo seed row for a high-memory AMD data center accelerator oriented toward inference clusters.',
    'https://www.amd.com/en/products/accelerators/instinct/mi300/mi300x.html',
    'published',
    now(),
    now()
  ),
  (
    '70000000-0000-0000-0000-000000000004',
    'Intel Gaudi 3',
    'Intel',
    (select id from public.manufacturers where slug = 'intel'),
    'AI Accelerator',
    'Gaudi 3',
    '5nm',
    'OAM',
    'Air',
    128,
    900,
    1835,
    120,
    date '2024-04-01',
    22000,
    512,
    0,
    'BF16, FP16, FP8, INT8',
    'Demo seed row for an alternative cloud inference accelerator with vendor-specific software stack.',
    'https://www.intel.com/content/www/us/en/products/details/processors/ai-accelerators/gaudi.html',
    'published',
    now(),
    now()
  )
on conflict (id) do update
set
  name = excluded.name,
  manufacturer = excluded.manufacturer,
  manufacturer_id = excluded.manufacturer_id,
  category = excluded.category,
  architecture = excluded.architecture,
  process_node = excluded.process_node,
  form_factor = excluded.form_factor,
  cooling_type = excluded.cooling_type,
  vram_gb = excluded.vram_gb,
  tdp_watt = excluded.tdp_watt,
  fp16_tflops = excluded.fp16_tflops,
  fp32_tflops = excluded.fp32_tflops,
  release_date = excluded.release_date,
  price_usd = excluded.price_usd,
  interconnect_bandwidth_gb_s = excluded.interconnect_bandwidth_gb_s,
  tensor_core_count = excluded.tensor_core_count,
  supported_precisions = excluded.supported_precisions,
  summary = excluded.summary,
  source_url = excluded.source_url,
  status = excluded.status,
  published_at = excluded.published_at,
  updated_at = now();

insert into public.edge_chips (
  id,
  name,
  manufacturer,
  manufacturer_id,
  category,
  process_node,
  vram_gb,
  tdp_watt,
  ai_tops,
  release_date,
  price_usd,
  summary,
  source_url,
  status,
  published_at,
  updated_at
)
values
  (
    '71000000-0000-0000-0000-000000000001',
    'NVIDIA Jetson AGX Orin 64GB',
    'NVIDIA',
    (select id from public.manufacturers where slug = 'nvidia'),
    'Edge Module',
    '8nm',
    64,
    60,
    275,
    date '2023-01-01',
    1999,
    'Demo seed row for an edge deployment platform that balances power envelope and vision throughput.',
    'https://www.nvidia.com/en-us/autonomous-machines/embedded-systems/jetson-orin/',
    'published',
    now(),
    now()
  ),
  (
    '71000000-0000-0000-0000-000000000002',
    'Qualcomm Snapdragon X Elite NPU',
    'Qualcomm',
    (select id from public.manufacturers where slug = 'qualcomm'),
    'Client NPU',
    '4nm',
    null,
    45,
    45,
    date '2024-06-01',
    1499,
    'Demo seed row for a laptop-class NPU focused on local inference, productivity, and lightweight multimodal tasks.',
    'https://www.qualcomm.com/products/mobile/snapdragon/pcs-and-tablets/snapdragon-x-elite',
    'published',
    now(),
    now()
  ),
  (
    '71000000-0000-0000-0000-000000000003',
    'Huawei Ascend 310B',
    'Huawei',
    (select id from public.manufacturers where slug = 'huawei'),
    'Edge Accelerator',
    '12nm',
    8,
    20,
    32,
    date '2023-09-01',
    799,
    'Demo seed row for an embedded accelerator used in smart vision and edge inference scenarios.',
    'https://www.hiascend.com/en/',
    'published',
    now(),
    now()
  ),
  (
    '71000000-0000-0000-0000-000000000004',
    'Intel Core Ultra 7 155H NPU',
    'Intel',
    (select id from public.manufacturers where slug = 'intel'),
    'Client NPU',
    'Intel 4',
    null,
    28,
    34,
    date '2023-12-01',
    599,
    'Demo seed row for a client AI processor where integrated CPU, GPU, and NPU cooperate for local workloads.',
    'https://www.intel.com/content/www/us/en/products/details/processors/core-ultra.html',
    'published',
    now(),
    now()
  )
on conflict (id) do update
set
  name = excluded.name,
  manufacturer = excluded.manufacturer,
  manufacturer_id = excluded.manufacturer_id,
  category = excluded.category,
  process_node = excluded.process_node,
  vram_gb = excluded.vram_gb,
  tdp_watt = excluded.tdp_watt,
  ai_tops = excluded.ai_tops,
  release_date = excluded.release_date,
  price_usd = excluded.price_usd,
  summary = excluded.summary,
  source_url = excluded.source_url,
  status = excluded.status,
  published_at = excluded.published_at,
  updated_at = now();

insert into public.models (
  id,
  name,
  slug,
  category,
  vendor,
  family,
  parameter_size_b,
  modality,
  description,
  status,
  published_at,
  updated_at
)
values
  (
    '72000000-0000-0000-0000-000000000001',
    'Llama 3.1 8B Instruct',
    'llama-3-1-8b-instruct-demo',
    'llm',
    'Meta',
    'Llama 3.1',
    8,
    'text',
    'Demo published LLM used to preview throughput and latency benchmark layouts.',
    'published',
    now(),
    now()
  ),
  (
    '72000000-0000-0000-0000-000000000002',
    'Qwen2.5 7B Instruct',
    'qwen2-5-7b-instruct-demo',
    'llm',
    'Alibaba',
    'Qwen2.5',
    7,
    'text',
    'Demo published LLM used to populate alternative serving scenarios.',
    'published',
    now(),
    now()
  ),
  (
    '72000000-0000-0000-0000-000000000003',
    'YOLOv10m',
    'yolov10m-demo',
    'vision',
    'THU-MIG',
    'YOLOv10',
    null,
    'vision',
    'Demo vision model used for object detection layout validation.',
    'published',
    now(),
    now()
  ),
  (
    '72000000-0000-0000-0000-000000000004',
    'ViT-B/16',
    'vit-b-16-demo',
    'vision',
    'Google',
    'Vision Transformer',
    null,
    'vision',
    'Demo image classification model used for edge and client inference UX preview.',
    'published',
    now(),
    now()
  ),
  (
    '72000000-0000-0000-0000-000000000005',
    'Whisper Large v3',
    'whisper-large-v3-demo',
    'speech',
    'OpenAI',
    'Whisper',
    null,
    'audio',
    'Demo speech recognition model used to test ASR scenario rendering.',
    'published',
    now(),
    now()
  ),
  (
    '72000000-0000-0000-0000-000000000006',
    'MMS English ASR',
    'mms-english-asr-demo',
    'speech',
    'Meta',
    'MMS',
    null,
    'audio',
    'Demo multilingual speech model used to preview compact edge speech results.',
    'published',
    now(),
    now()
  )
on conflict (id) do update
set
  name = excluded.name,
  slug = excluded.slug,
  category = excluded.category,
  vendor = excluded.vendor,
  family = excluded.family,
  parameter_size_b = excluded.parameter_size_b,
  modality = excluded.modality,
  description = excluded.description,
  status = excluded.status,
  published_at = excluded.published_at,
  updated_at = now();

insert into public.model_variants (
  id,
  model_id,
  name,
  precision,
  quantization,
  context_length,
  input_resolution,
  weights_source_url,
  notes,
  status,
  published_at,
  updated_at
)
values
  (
    '73000000-0000-0000-0000-000000000001',
    '72000000-0000-0000-0000-000000000001',
    'FP8 Serve',
    'FP8',
    'FP8',
    8192,
    null,
    'https://huggingface.co/meta-llama/Llama-3.1-8B-Instruct',
    'Demo serving variant for public benchmark layout preview.',
    'published',
    now(),
    now()
  ),
  (
    '73000000-0000-0000-0000-000000000002',
    '72000000-0000-0000-0000-000000000002',
    'BF16 Serve',
    'BF16',
    null,
    32768,
    null,
    'https://huggingface.co/Qwen/Qwen2.5-7B-Instruct',
    'Demo serving variant for public benchmark layout preview.',
    'published',
    now(),
    now()
  ),
  (
    '73000000-0000-0000-0000-000000000003',
    '72000000-0000-0000-0000-000000000003',
    'FP16 640x640',
    'FP16',
    null,
    null,
    '640x640',
    'https://github.com/THU-MIG/yolov10',
    'Demo detection variant.',
    'published',
    now(),
    now()
  ),
  (
    '73000000-0000-0000-0000-000000000004',
    '72000000-0000-0000-0000-000000000004',
    'INT8 224x224',
    'INT8',
    'INT8',
    null,
    '224x224',
    'https://huggingface.co/google/vit-base-patch16-224',
    'Demo image classification variant.',
    'published',
    now(),
    now()
  ),
  (
    '73000000-0000-0000-0000-000000000005',
    '72000000-0000-0000-0000-000000000005',
    'FP16 ASR',
    'FP16',
    null,
    null,
    null,
    'https://huggingface.co/openai/whisper-large-v3',
    'Demo speech recognition variant.',
    'published',
    now(),
    now()
  ),
  (
    '73000000-0000-0000-0000-000000000006',
    '72000000-0000-0000-0000-000000000006',
    'INT8 ASR',
    'INT8',
    'INT8',
    null,
    null,
    'https://huggingface.co/facebook/mms-1b-all',
    'Demo compact speech recognition variant.',
    'published',
    now(),
    now()
  )
on conflict (id) do update
set
  model_id = excluded.model_id,
  name = excluded.name,
  precision = excluded.precision,
  quantization = excluded.quantization,
  context_length = excluded.context_length,
  input_resolution = excluded.input_resolution,
  weights_source_url = excluded.weights_source_url,
  notes = excluded.notes,
  status = excluded.status,
  published_at = excluded.published_at,
  updated_at = now();

insert into public.benchmark_scenarios (
  id,
  model_variant_id,
  task_type,
  batch_size,
  sequence_length,
  input_shape,
  dataset,
  framework,
  runtime,
  compiler,
  metric_name,
  metric_unit,
  notes,
  status,
  published_at,
  updated_at
)
values
  (
    '74000000-0000-0000-0000-000000000001',
    '73000000-0000-0000-0000-000000000001',
    'text-generation',
    8,
    4096,
    '4096 in / 512 out',
    'Synthetic prompt mix',
    'TensorRT-LLM',
    'NVIDIA NIM',
    null,
    'throughput',
    'tokens/s',
    'Demo LLM throughput scenario for public comparison cards.',
    'published',
    now(),
    now()
  ),
  (
    '74000000-0000-0000-0000-000000000002',
    '73000000-0000-0000-0000-000000000001',
    'text-generation',
    1,
    1024,
    '1024 in / 128 out',
    'Low-latency chat turn',
    'TensorRT-LLM',
    'NVIDIA NIM',
    null,
    'latency',
    'ms',
    'Demo LLM latency scenario for single-request chat UX.',
    'published',
    now(),
    now()
  ),
  (
    '74000000-0000-0000-0000-000000000003',
    '73000000-0000-0000-0000-000000000002',
    'text-generation',
    16,
    2048,
    '2048 in / 256 out',
    'Mixed enterprise prompts',
    'vLLM',
    'CUDA',
    null,
    'throughput',
    'tokens/s',
    'Demo Qwen serving scenario optimized for multi-tenant throughput.',
    'published',
    now(),
    now()
  ),
  (
    '74000000-0000-0000-0000-000000000004',
    '73000000-0000-0000-0000-000000000003',
    'object-detection',
    32,
    null,
    '640x640',
    'COCO val2017',
    'ONNX Runtime',
    'Optimized EP',
    null,
    'throughput',
    'images/s',
    'Demo detection throughput scenario for edge and cloud chips.',
    'published',
    now(),
    now()
  ),
  (
    '74000000-0000-0000-0000-000000000005',
    '73000000-0000-0000-0000-000000000004',
    'image-classification',
    128,
    null,
    '224x224',
    'ImageNet-1K',
    'ONNX Runtime',
    'Optimized EP',
    null,
    'throughput',
    'images/s',
    'Demo classification scenario for client and edge devices.',
    'published',
    now(),
    now()
  ),
  (
    '74000000-0000-0000-0000-000000000006',
    '73000000-0000-0000-0000-000000000005',
    'speech-recognition',
    4,
    null,
    '30s clip',
    'LibriSpeech clean',
    'PyTorch',
    'Vendor optimized runtime',
    null,
    'throughput',
    'x realtime',
    'Demo offline ASR throughput scenario.',
    'published',
    now(),
    now()
  ),
  (
    '74000000-0000-0000-0000-000000000007',
    '73000000-0000-0000-0000-000000000005',
    'streaming-asr',
    1,
    null,
    '16 kHz stream',
    'Streaming English commands',
    'PyTorch',
    'Vendor optimized runtime',
    null,
    'latency',
    'ms',
    'Demo streaming ASR latency scenario.',
    'published',
    now(),
    now()
  ),
  (
    '74000000-0000-0000-0000-000000000008',
    '73000000-0000-0000-0000-000000000006',
    'speech-recognition',
    8,
    null,
    '15s clip',
    'FLEURS English',
    'ONNX Runtime',
    'Optimized EP',
    null,
    'throughput',
    'x realtime',
    'Demo compact multilingual ASR throughput scenario.',
    'published',
    now(),
    now()
  )
on conflict (id) do update
set
  model_variant_id = excluded.model_variant_id,
  task_type = excluded.task_type,
  batch_size = excluded.batch_size,
  sequence_length = excluded.sequence_length,
  input_shape = excluded.input_shape,
  dataset = excluded.dataset,
  framework = excluded.framework,
  runtime = excluded.runtime,
  compiler = excluded.compiler,
  metric_name = excluded.metric_name,
  metric_unit = excluded.metric_unit,
  notes = excluded.notes,
  status = excluded.status,
  published_at = excluded.published_at,
  updated_at = now();

insert into public.llm_scenario_details (
  scenario_id,
  request_mode,
  input_tokens,
  output_tokens,
  concurrency,
  requests_per_second_target,
  prompt_template,
  decoding_strategy,
  notes
)
values
  (
    '74000000-0000-0000-0000-000000000001',
    'online',
    4096,
    512,
    8,
    16,
    'chat-template',
    'greedy',
    'Demo LLM detail row for high-throughput serving.'
  ),
  (
    '74000000-0000-0000-0000-000000000002',
    'online',
    1024,
    128,
    1,
    null,
    'chat-template',
    'greedy',
    'Demo LLM detail row for latency-focused serving.'
  ),
  (
    '74000000-0000-0000-0000-000000000003',
    'online',
    2048,
    256,
    16,
    28,
    'instruction-template',
    'top-p',
    'Demo LLM detail row for multi-tenant Qwen serving.'
  )
on conflict (scenario_id) do update
set
  request_mode = excluded.request_mode,
  input_tokens = excluded.input_tokens,
  output_tokens = excluded.output_tokens,
  concurrency = excluded.concurrency,
  requests_per_second_target = excluded.requests_per_second_target,
  prompt_template = excluded.prompt_template,
  decoding_strategy = excluded.decoding_strategy,
  notes = excluded.notes,
  updated_at = now();

insert into public.vision_scenario_details (
  scenario_id,
  task_subtype,
  input_width,
  input_height,
  channels,
  video_fps,
  preprocessing,
  postprocessing,
  notes
)
values
  (
    '74000000-0000-0000-0000-000000000004',
    'detection',
    640,
    640,
    3,
    null,
    'resize + normalize',
    'confidence threshold 0.25',
    'Demo detection detail row.'
  ),
  (
    '74000000-0000-0000-0000-000000000005',
    'classification',
    224,
    224,
    3,
    null,
    'resize + center crop',
    'top-1 classification',
    'Demo classification detail row.'
  )
on conflict (scenario_id) do update
set
  task_subtype = excluded.task_subtype,
  input_width = excluded.input_width,
  input_height = excluded.input_height,
  channels = excluded.channels,
  video_fps = excluded.video_fps,
  preprocessing = excluded.preprocessing,
  postprocessing = excluded.postprocessing,
  notes = excluded.notes,
  updated_at = now();

insert into public.speech_scenario_details (
  scenario_id,
  task_subtype,
  audio_duration_sec,
  sample_rate_hz,
  streaming,
  chunk_duration_ms,
  language,
  decoding_strategy,
  notes
)
values
  (
    '74000000-0000-0000-0000-000000000006',
    'asr',
    30,
    16000,
    false,
    null,
    'English',
    'beam search',
    'Demo offline ASR detail row.'
  ),
  (
    '74000000-0000-0000-0000-000000000007',
    'asr',
    10,
    16000,
    true,
    320,
    'English',
    'greedy',
    'Demo streaming ASR detail row.'
  ),
  (
    '74000000-0000-0000-0000-000000000008',
    'asr',
    15,
    16000,
    false,
    null,
    'English',
    'beam search',
    'Demo compact speech detail row.'
  )
on conflict (scenario_id) do update
set
  task_subtype = excluded.task_subtype,
  audio_duration_sec = excluded.audio_duration_sec,
  sample_rate_hz = excluded.sample_rate_hz,
  streaming = excluded.streaming,
  chunk_duration_ms = excluded.chunk_duration_ms,
  language = excluded.language,
  decoding_strategy = excluded.decoding_strategy,
  notes = excluded.notes,
  updated_at = now();

insert into public.benchmark_results (
  id,
  chip_source,
  chip_id,
  manufacturer_id,
  scenario_id,
  primary_value,
  secondary_value,
  latency_ms_p50,
  latency_ms_p99,
  throughput,
  power_watt,
  memory_gb,
  status,
  source_url,
  notes,
  published_at,
  updated_at
)
values
  (
    '75000000-0000-0000-0000-000000000001',
    'cloud',
    '70000000-0000-0000-0000-000000000001',
    (select id from public.manufacturers where slug = 'nvidia'),
    '74000000-0000-0000-0000-000000000001',
    6100,
    null,
    52,
    68,
    6100,
    690,
    82,
    'published',
    'https://www.nvidia.com/en-us/data-center/h200/',
    'Demo composite throughput row used to validate public benchmark cards.',
    now(),
    now()
  ),
  (
    '75000000-0000-0000-0000-000000000002',
    'cloud',
    '70000000-0000-0000-0000-000000000002',
    (select id from public.manufacturers where slug = 'nvidia'),
    '74000000-0000-0000-0000-000000000001',
    9200,
    null,
    39,
    51,
    9200,
    940,
    104,
    'published',
    'https://www.nvidia.com/en-us/data-center/blackwell-platform/',
    'Demo composite throughput row used to validate public benchmark cards.',
    now(),
    now()
  ),
  (
    '75000000-0000-0000-0000-000000000003',
    'cloud',
    '70000000-0000-0000-0000-000000000003',
    (select id from public.manufacturers where slug = 'amd'),
    '74000000-0000-0000-0000-000000000001',
    5400,
    null,
    58,
    73,
    5400,
    720,
    96,
    'published',
    'https://www.amd.com/en/products/accelerators/instinct/mi300/mi300x.html',
    'Demo composite throughput row used to validate public benchmark cards.',
    now(),
    now()
  ),
  (
    '75000000-0000-0000-0000-000000000004',
    'cloud',
    '70000000-0000-0000-0000-000000000004',
    (select id from public.manufacturers where slug = 'intel'),
    '74000000-0000-0000-0000-000000000001',
    4700,
    null,
    65,
    84,
    4700,
    860,
    78,
    'published',
    'https://www.intel.com/content/www/us/en/products/details/processors/ai-accelerators/gaudi.html',
    'Demo composite throughput row used to validate public benchmark cards.',
    now(),
    now()
  ),
  (
    '75000000-0000-0000-0000-000000000005',
    'cloud',
    '70000000-0000-0000-0000-000000000001',
    (select id from public.manufacturers where slug = 'nvidia'),
    '74000000-0000-0000-0000-000000000002',
    38,
    null,
    38,
    49,
    null,
    640,
    64,
    'published',
    'https://www.nvidia.com/en-us/data-center/h200/',
    'Demo single-request latency row for UX validation.',
    now(),
    now()
  ),
  (
    '75000000-0000-0000-0000-000000000006',
    'cloud',
    '70000000-0000-0000-0000-000000000002',
    (select id from public.manufacturers where slug = 'nvidia'),
    '74000000-0000-0000-0000-000000000002',
    28,
    null,
    28,
    37,
    null,
    880,
    70,
    'published',
    'https://www.nvidia.com/en-us/data-center/blackwell-platform/',
    'Demo single-request latency row for UX validation.',
    now(),
    now()
  ),
  (
    '75000000-0000-0000-0000-000000000007',
    'cloud',
    '70000000-0000-0000-0000-000000000003',
    (select id from public.manufacturers where slug = 'amd'),
    '74000000-0000-0000-0000-000000000002',
    46,
    null,
    46,
    60,
    null,
    700,
    68,
    'published',
    'https://www.amd.com/en/products/accelerators/instinct/mi300/mi300x.html',
    'Demo single-request latency row for UX validation.',
    now(),
    now()
  ),
  (
    '75000000-0000-0000-0000-000000000008',
    'cloud',
    '70000000-0000-0000-0000-000000000004',
    (select id from public.manufacturers where slug = 'intel'),
    '74000000-0000-0000-0000-000000000002',
    55,
    null,
    55,
    72,
    null,
    830,
    60,
    'published',
    'https://www.intel.com/content/www/us/en/products/details/processors/ai-accelerators/gaudi.html',
    'Demo single-request latency row for UX validation.',
    now(),
    now()
  ),
  (
    '75000000-0000-0000-0000-000000000009',
    'cloud',
    '70000000-0000-0000-0000-000000000001',
    (select id from public.manufacturers where slug = 'nvidia'),
    '74000000-0000-0000-0000-000000000003',
    6900,
    null,
    60,
    76,
    6900,
    670,
    72,
    'published',
    'https://huggingface.co/Qwen/Qwen2.5-7B-Instruct',
    'Demo multi-tenant throughput row for UX validation.',
    now(),
    now()
  ),
  (
    '75000000-0000-0000-0000-000000000010',
    'cloud',
    '70000000-0000-0000-0000-000000000002',
    (select id from public.manufacturers where slug = 'nvidia'),
    '74000000-0000-0000-0000-000000000003',
    10400,
    null,
    44,
    57,
    10400,
    950,
    88,
    'published',
    'https://huggingface.co/Qwen/Qwen2.5-7B-Instruct',
    'Demo multi-tenant throughput row for UX validation.',
    now(),
    now()
  ),
  (
    '75000000-0000-0000-0000-000000000011',
    'cloud',
    '70000000-0000-0000-0000-000000000003',
    (select id from public.manufacturers where slug = 'amd'),
    '74000000-0000-0000-0000-000000000003',
    6100,
    null,
    66,
    82,
    6100,
    735,
    80,
    'published',
    'https://huggingface.co/Qwen/Qwen2.5-7B-Instruct',
    'Demo multi-tenant throughput row for UX validation.',
    now(),
    now()
  ),
  (
    '75000000-0000-0000-0000-000000000012',
    'cloud',
    '70000000-0000-0000-0000-000000000004',
    (select id from public.manufacturers where slug = 'intel'),
    '74000000-0000-0000-0000-000000000003',
    5200,
    null,
    71,
    89,
    5200,
    845,
    74,
    'published',
    'https://huggingface.co/Qwen/Qwen2.5-7B-Instruct',
    'Demo multi-tenant throughput row for UX validation.',
    now(),
    now()
  ),
  (
    '75000000-0000-0000-0000-000000000013',
    'cloud',
    '70000000-0000-0000-0000-000000000001',
    (select id from public.manufacturers where slug = 'nvidia'),
    '74000000-0000-0000-0000-000000000004',
    6200,
    null,
    12,
    16,
    6200,
    540,
    26,
    'published',
    'https://github.com/THU-MIG/yolov10',
    'Demo object detection row for public category preview.',
    now(),
    now()
  ),
  (
    '75000000-0000-0000-0000-000000000014',
    'edge',
    '71000000-0000-0000-0000-000000000001',
    (select id from public.manufacturers where slug = 'nvidia'),
    '74000000-0000-0000-0000-000000000004',
    480,
    null,
    38,
    50,
    480,
    54,
    9.8,
    'published',
    'https://www.nvidia.com/en-us/autonomous-machines/embedded-systems/jetson-orin/',
    'Demo object detection row for public category preview.',
    now(),
    now()
  ),
  (
    '75000000-0000-0000-0000-000000000015',
    'edge',
    '71000000-0000-0000-0000-000000000003',
    (select id from public.manufacturers where slug = 'huawei'),
    '74000000-0000-0000-0000-000000000004',
    420,
    null,
    42,
    55,
    420,
    18,
    4.6,
    'published',
    'https://www.hiascend.com/en/',
    'Demo object detection row for public category preview.',
    now(),
    now()
  ),
  (
    '75000000-0000-0000-0000-000000000016',
    'edge',
    '71000000-0000-0000-0000-000000000002',
    (select id from public.manufacturers where slug = 'qualcomm'),
    '74000000-0000-0000-0000-000000000004',
    310,
    null,
    47,
    63,
    310,
    21,
    3.2,
    'published',
    'https://www.qualcomm.com/products/mobile/snapdragon/pcs-and-tablets/snapdragon-x-elite',
    'Demo object detection row for public category preview.',
    now(),
    now()
  ),
  (
    '75000000-0000-0000-0000-000000000017',
    'edge',
    '71000000-0000-0000-0000-000000000002',
    (select id from public.manufacturers where slug = 'qualcomm'),
    '74000000-0000-0000-0000-000000000005',
    1850,
    null,
    9,
    12,
    1850,
    22,
    2.8,
    'published',
    'https://huggingface.co/google/vit-base-patch16-224',
    'Demo classification row for public category preview.',
    now(),
    now()
  ),
  (
    '75000000-0000-0000-0000-000000000018',
    'edge',
    '71000000-0000-0000-0000-000000000004',
    (select id from public.manufacturers where slug = 'intel'),
    '74000000-0000-0000-0000-000000000005',
    1620,
    null,
    11,
    14,
    1620,
    20,
    2.6,
    'published',
    'https://huggingface.co/google/vit-base-patch16-224',
    'Demo classification row for public category preview.',
    now(),
    now()
  ),
  (
    '75000000-0000-0000-0000-000000000019',
    'edge',
    '71000000-0000-0000-0000-000000000001',
    (select id from public.manufacturers where slug = 'nvidia'),
    '74000000-0000-0000-0000-000000000005',
    950,
    null,
    18,
    24,
    950,
    52,
    4.5,
    'published',
    'https://huggingface.co/google/vit-base-patch16-224',
    'Demo classification row for public category preview.',
    now(),
    now()
  ),
  (
    '75000000-0000-0000-0000-000000000020',
    'cloud',
    '70000000-0000-0000-0000-000000000001',
    (select id from public.manufacturers where slug = 'nvidia'),
    '74000000-0000-0000-0000-000000000005',
    8800,
    null,
    8,
    10,
    8800,
    520,
    12,
    'published',
    'https://huggingface.co/google/vit-base-patch16-224',
    'Demo classification row for public category preview.',
    now(),
    now()
  ),
  (
    '75000000-0000-0000-0000-000000000021',
    'cloud',
    '70000000-0000-0000-0000-000000000001',
    (select id from public.manufacturers where slug = 'nvidia'),
    '74000000-0000-0000-0000-000000000006',
    27.5,
    null,
    null,
    null,
    27.5,
    510,
    18,
    'published',
    'https://huggingface.co/openai/whisper-large-v3',
    'Demo offline ASR row for category preview.',
    now(),
    now()
  ),
  (
    '75000000-0000-0000-0000-000000000022',
    'edge',
    '71000000-0000-0000-0000-000000000001',
    (select id from public.manufacturers where slug = 'nvidia'),
    '74000000-0000-0000-0000-000000000006',
    4.8,
    null,
    null,
    null,
    4.8,
    48,
    5.4,
    'published',
    'https://huggingface.co/openai/whisper-large-v3',
    'Demo offline ASR row for category preview.',
    now(),
    now()
  ),
  (
    '75000000-0000-0000-0000-000000000023',
    'edge',
    '71000000-0000-0000-0000-000000000004',
    (select id from public.manufacturers where slug = 'intel'),
    '74000000-0000-0000-0000-000000000006',
    3.9,
    null,
    null,
    null,
    3.9,
    19,
    2.1,
    'published',
    'https://huggingface.co/openai/whisper-large-v3',
    'Demo offline ASR row for category preview.',
    now(),
    now()
  ),
  (
    '75000000-0000-0000-0000-000000000024',
    'edge',
    '71000000-0000-0000-0000-000000000001',
    (select id from public.manufacturers where slug = 'nvidia'),
    '74000000-0000-0000-0000-000000000007',
    165,
    null,
    165,
    220,
    null,
    46,
    4.2,
    'published',
    'https://huggingface.co/openai/whisper-large-v3',
    'Demo streaming ASR latency row for category preview.',
    now(),
    now()
  ),
  (
    '75000000-0000-0000-0000-000000000025',
    'edge',
    '71000000-0000-0000-0000-000000000002',
    (select id from public.manufacturers where slug = 'qualcomm'),
    '74000000-0000-0000-0000-000000000007',
    118,
    null,
    118,
    156,
    null,
    18,
    1.8,
    'published',
    'https://huggingface.co/openai/whisper-large-v3',
    'Demo streaming ASR latency row for category preview.',
    now(),
    now()
  ),
  (
    '75000000-0000-0000-0000-000000000026',
    'edge',
    '71000000-0000-0000-0000-000000000003',
    (select id from public.manufacturers where slug = 'huawei'),
    '74000000-0000-0000-0000-000000000008',
    6.4,
    null,
    null,
    null,
    6.4,
    16,
    3.4,
    'published',
    'https://huggingface.co/facebook/mms-1b-all',
    'Demo compact speech row for category preview.',
    now(),
    now()
  ),
  (
    '75000000-0000-0000-0000-000000000027',
    'edge',
    '71000000-0000-0000-0000-000000000004',
    (select id from public.manufacturers where slug = 'intel'),
    '74000000-0000-0000-0000-000000000008',
    4.7,
    null,
    null,
    null,
    4.7,
    17,
    2.2,
    'published',
    'https://huggingface.co/facebook/mms-1b-all',
    'Demo compact speech row for category preview.',
    now(),
    now()
  ),
  (
    '75000000-0000-0000-0000-000000000028',
    'cloud',
    '70000000-0000-0000-0000-000000000001',
    (select id from public.manufacturers where slug = 'nvidia'),
    '74000000-0000-0000-0000-000000000008',
    34.1,
    null,
    null,
    null,
    34.1,
    500,
    14,
    'published',
    'https://huggingface.co/facebook/mms-1b-all',
    'Demo compact speech row for category preview.',
    now(),
    now()
  )
on conflict (id) do update
set
  chip_source = excluded.chip_source,
  chip_id = excluded.chip_id,
  manufacturer_id = excluded.manufacturer_id,
  scenario_id = excluded.scenario_id,
  primary_value = excluded.primary_value,
  secondary_value = excluded.secondary_value,
  latency_ms_p50 = excluded.latency_ms_p50,
  latency_ms_p99 = excluded.latency_ms_p99,
  throughput = excluded.throughput,
  power_watt = excluded.power_watt,
  memory_gb = excluded.memory_gb,
  status = excluded.status,
  source_url = excluded.source_url,
  notes = excluded.notes,
  published_at = excluded.published_at,
  updated_at = now();

insert into public.benchmark_evidence (
  id,
  benchmark_result_id,
  kind,
  file_path,
  title,
  description
)
select
  ('76000000-0000-0000-0000-' || lpad(row_number() over (order by results.id)::text, 12, '0'))::uuid as id,
  results.id,
  'report',
  coalesce(results.source_url, 'https://realperf.ai'),
  'Demo Seed Evidence',
  'Illustrative evidence link for demo seed data used to preview the public benchmark experience.'
from public.benchmark_results results
where results.id between '75000000-0000-0000-0000-000000000001' and '75000000-0000-0000-0000-000000000028'
on conflict (id) do update
set
  benchmark_result_id = excluded.benchmark_result_id,
  kind = excluded.kind,
  file_path = excluded.file_path,
  title = excluded.title,
  description = excluded.description;
